code_muni,name_muni,cases,gender,year
130002,Alvarães,0,M,2011
130002,Alvarães,0,M,2012
130002,Alvarães,0,M,2013
130002,Alvarães,0,M,2014
130002,Alvarães,0,M,2015
130002,Alvarães,0,M,2016
130002,Alvarães,0,M,2017
130002,Alvarães,0,M,2018
130002,Alvarães,0,M,2019
130002,Alvarães,1,M,2020
130002,Alvarães,1,M,2021
130002,Alvarães,1,M,2022
130002,Alvarães,0,M,2023
130002,Alvarães,0,F,2011
130002,Alvarães,0,F,2012
130002,Alvarães,1,F,2013
130002,Alvarães,1,F,2014
130002,Alvarães,2,F,2015
130002,Alvarães,0,F,2016
130002,Alvarães,0,F,2017
130002,Alvarães,0,F,2018
130002,Alvarães,0,F,2019
130002,Alvarães,0,F,2020
130002,Alvarães,0,F,2021
130002,Alvarães,0,F,2022
130002,Alvarães,0,F,2023
130006,Amaturá,0,M,2011
130006,Amaturá,1,M,2012
130006,Amaturá,1,M,2013
130006,Amaturá,0,M,2014
130006,Amaturá,1,M,2015
130006,Amaturá,0,M,2016
130006,Amaturá,1,M,2017
130006,Amaturá,0,M,2018
130006,Amaturá,0,M,2019
130006,Amaturá,2,M,2020
130006,Amaturá,2,M,2021
130006,Amaturá,0,M,2022
130006,Amaturá,0,M,2023
130006,Amaturá,0,F,2011
130006,Amaturá,1,F,2012
130006,Amaturá,0,F,2013
130006,Amaturá,1,F,2014
130006,Amaturá,0,F,2015
130006,Amaturá,0,F,2016
130006,Amaturá,1,F,2017
130006,Amaturá,0,F,2018
130006,Amaturá,0,F,2019
130006,Amaturá,0,F,2020
130006,Amaturá,0,F,2021
130006,Amaturá,0,F,2022
130006,Amaturá,1,F,2023
130008,Anamã,1,M,2011
130008,Anamã,0,M,2012
130008,Anamã,0,M,2013
130008,Anamã,0,M,2014
130008,Anamã,0,M,2015
130008,Anamã,0,M,2016
130008,Anamã,0,M,2017
130008,Anamã,1,M,2018
130008,Anamã,0,M,2019
130008,Anamã,0,M,2020
130008,Anamã,0,M,2021
130008,Anamã,0,M,2022
130008,Anamã,0,M,2023
130008,Anamã,0,F,2011
130008,Anamã,0,F,2012
130008,Anamã,0,F,2013
130008,Anamã,0,F,2014
130008,Anamã,0,F,2015
130008,Anamã,0,F,2016
130008,Anamã,0,F,2017
130008,Anamã,0,F,2018
130008,Anamã,0,F,2019
130008,Anamã,0,F,2020
130008,Anamã,0,F,2021
130008,Anamã,0,F,2022
130008,Anamã,0,F,2023
130010,Anori,0,M,2011
130010,Anori,0,M,2012
130010,Anori,0,M,2013
130010,Anori,2,M,2014
130010,Anori,1,M,2015
130010,Anori,0,M,2016
130010,Anori,1,M,2017
130010,Anori,0,M,2018
130010,Anori,1,M,2019
130010,Anori,0,M,2020
130010,Anori,1,M,2021
130010,Anori,1,M,2022
130010,Anori,0,M,2023
130010,Anori,0,F,2011
130010,Anori,0,F,2012
130010,Anori,0,F,2013
130010,Anori,1,F,2014
130010,Anori,0,F,2015
130010,Anori,1,F,2016
130010,Anori,1,F,2017
130010,Anori,1,F,2018
130010,Anori,1,F,2019
130010,Anori,1,F,2020
130010,Anori,1,F,2021
130010,Anori,0,F,2022
130010,Anori,0,F,2023
130014,Apuí,0,M,2011
130014,Apuí,0,M,2012
130014,Apuí,1,M,2013
130014,Apuí,2,M,2014
130014,Apuí,4,M,2015
130014,Apuí,2,M,2016
130014,Apuí,2,M,2017
130014,Apuí,0,M,2018
130014,Apuí,0,M,2019
130014,Apuí,1,M,2020
130014,Apuí,2,M,2021
130014,Apuí,1,M,2022
130014,Apuí,0,M,2023
130014,Apuí,1,F,2011
130014,Apuí,2,F,2012
130014,Apuí,2,F,2013
130014,Apuí,4,F,2014
130014,Apuí,2,F,2015
130014,Apuí,3,F,2016
130014,Apuí,0,F,2017
130014,Apuí,1,F,2018
130014,Apuí,0,F,2019
130014,Apuí,1,F,2020
130014,Apuí,0,F,2021
130014,Apuí,1,F,2022
130014,Apuí,0,F,2023
130020,Atalaia do Norte,3,M,2011
130020,Atalaia do Norte,1,M,2012
130020,Atalaia do Norte,0,M,2013
130020,Atalaia do Norte,0,M,2014
130020,Atalaia do Norte,0,M,2015
130020,Atalaia do Norte,0,M,2016
130020,Atalaia do Norte,0,M,2017
130020,Atalaia do Norte,1,M,2018
130020,Atalaia do Norte,1,M,2019
130020,Atalaia do Norte,1,M,2020
130020,Atalaia do Norte,5,M,2021
130020,Atalaia do Norte,2,M,2022
130020,Atalaia do Norte,1,M,2023
130020,Atalaia do Norte,0,F,2011
130020,Atalaia do Norte,0,F,2012
130020,Atalaia do Norte,1,F,2013
130020,Atalaia do Norte,0,F,2014
130020,Atalaia do Norte,0,F,2015
130020,Atalaia do Norte,0,F,2016
130020,Atalaia do Norte,0,F,2017
130020,Atalaia do Norte,0,F,2018
130020,Atalaia do Norte,0,F,2019
130020,Atalaia do Norte,0,F,2020
130020,Atalaia do Norte,2,F,2021
130020,Atalaia do Norte,0,F,2022
130020,Atalaia do Norte,0,F,2023
130030,Autazes,5,M,2011
130030,Autazes,2,M,2012
130030,Autazes,1,M,2013
130030,Autazes,5,M,2014
130030,Autazes,2,M,2015
130030,Autazes,2,M,2016
130030,Autazes,1,M,2017
130030,Autazes,7,M,2018
130030,Autazes,2,M,2019
130030,Autazes,4,M,2020
130030,Autazes,5,M,2021
130030,Autazes,2,M,2022
130030,Autazes,3,M,2023
130030,Autazes,2,F,2011
130030,Autazes,1,F,2012
130030,Autazes,1,F,2013
130030,Autazes,4,F,2014
130030,Autazes,0,F,2015
130030,Autazes,3,F,2016
130030,Autazes,0,F,2017
130030,Autazes,2,F,2018
130030,Autazes,0,F,2019
130030,Autazes,1,F,2020
130030,Autazes,1,F,2021
130030,Autazes,3,F,2022
130030,Autazes,2,F,2023
130040,Barcelos,0,M,2011
130040,Barcelos,1,M,2012
130040,Barcelos,2,M,2013
130040,Barcelos,2,M,2014
130040,Barcelos,0,M,2015
130040,Barcelos,1,M,2016
130040,Barcelos,1,M,2017
130040,Barcelos,0,M,2018
130040,Barcelos,0,M,2019
130040,Barcelos,0,M,2020
130040,Barcelos,2,M,2021
130040,Barcelos,0,M,2022
130040,Barcelos,0,M,2023
130040,Barcelos,0,F,2011
130040,Barcelos,0,F,2012
130040,Barcelos,2,F,2013
130040,Barcelos,0,F,2014
130040,Barcelos,1,F,2015
130040,Barcelos,1,F,2016
130040,Barcelos,0,F,2017
130040,Barcelos,1,F,2018
130040,Barcelos,1,F,2019
130040,Barcelos,0,F,2020
130040,Barcelos,0,F,2021
130040,Barcelos,0,F,2022
130040,Barcelos,0,F,2023
130050,Barreirinha,0,M,2011
130050,Barreirinha,1,M,2012
130050,Barreirinha,1,M,2013
130050,Barreirinha,1,M,2014
130050,Barreirinha,1,M,2015
130050,Barreirinha,6,M,2016
130050,Barreirinha,2,M,2017
130050,Barreirinha,2,M,2018
130050,Barreirinha,1,M,2019
130050,Barreirinha,2,M,2020
130050,Barreirinha,3,M,2021
130050,Barreirinha,1,M,2022
130050,Barreirinha,1,M,2023
130050,Barreirinha,0,F,2011
130050,Barreirinha,1,F,2012
130050,Barreirinha,1,F,2013
130050,Barreirinha,0,F,2014
130050,Barreirinha,1,F,2015
130050,Barreirinha,2,F,2016
130050,Barreirinha,1,F,2017
130050,Barreirinha,2,F,2018
130050,Barreirinha,0,F,2019
130050,Barreirinha,0,F,2020
130050,Barreirinha,2,F,2021
130050,Barreirinha,0,F,2022
130050,Barreirinha,0,F,2023
130060,Benjamin Constant,8,M,2011
130060,Benjamin Constant,10,M,2012
130060,Benjamin Constant,8,M,2013
130060,Benjamin Constant,6,M,2014
130060,Benjamin Constant,3,M,2015
130060,Benjamin Constant,0,M,2016
130060,Benjamin Constant,4,M,2017
130060,Benjamin Constant,3,M,2018
130060,Benjamin Constant,8,M,2019
130060,Benjamin Constant,2,M,2020
130060,Benjamin Constant,4,M,2021
130060,Benjamin Constant,7,M,2022
130060,Benjamin Constant,4,M,2023
130060,Benjamin Constant,3,F,2011
130060,Benjamin Constant,1,F,2012
130060,Benjamin Constant,1,F,2013
130060,Benjamin Constant,6,F,2014
130060,Benjamin Constant,1,F,2015
130060,Benjamin Constant,0,F,2016
130060,Benjamin Constant,2,F,2017
130060,Benjamin Constant,1,F,2018
130060,Benjamin Constant,5,F,2019
130060,Benjamin Constant,3,F,2020
130060,Benjamin Constant,0,F,2021
130060,Benjamin Constant,1,F,2022
130060,Benjamin Constant,0,F,2023
130063,Beruri,2,M,2011
130063,Beruri,0,M,2012
130063,Beruri,3,M,2013
130063,Beruri,1,M,2014
130063,Beruri,1,M,2015
130063,Beruri,0,M,2016
130063,Beruri,0,M,2017
130063,Beruri,1,M,2018
130063,Beruri,1,M,2019
130063,Beruri,1,M,2020
130063,Beruri,0,M,2021
130063,Beruri,1,M,2022
130063,Beruri,1,M,2023
130063,Beruri,0,F,2011
130063,Beruri,0,F,2012
130063,Beruri,0,F,2013
130063,Beruri,1,F,2014
130063,Beruri,0,F,2015
130063,Beruri,0,F,2016
130063,Beruri,0,F,2017
130063,Beruri,1,F,2018
130063,Beruri,0,F,2019
130063,Beruri,0,F,2020
130063,Beruri,0,F,2021
130063,Beruri,0,F,2022
130063,Beruri,0,F,2023
130068,Boa Vista do Ramos,0,M,2011
130068,Boa Vista do Ramos,1,M,2012
130068,Boa Vista do Ramos,2,M,2013
130068,Boa Vista do Ramos,3,M,2014
130068,Boa Vista do Ramos,1,M,2015
130068,Boa Vista do Ramos,1,M,2016
130068,Boa Vista do Ramos,2,M,2017
130068,Boa Vista do Ramos,2,M,2018
130068,Boa Vista do Ramos,1,M,2019
130068,Boa Vista do Ramos,2,M,2020
130068,Boa Vista do Ramos,0,M,2021
130068,Boa Vista do Ramos,1,M,2022
130068,Boa Vista do Ramos,0,M,2023
130068,Boa Vista do Ramos,0,F,2011
130068,Boa Vista do Ramos,1,F,2012
130068,Boa Vista do Ramos,0,F,2013
130068,Boa Vista do Ramos,1,F,2014
130068,Boa Vista do Ramos,0,F,2015
130068,Boa Vista do Ramos,1,F,2016
130068,Boa Vista do Ramos,0,F,2017
130068,Boa Vista do Ramos,0,F,2018
130068,Boa Vista do Ramos,0,F,2019
130068,Boa Vista do Ramos,0,F,2020
130068,Boa Vista do Ramos,1,F,2021
130068,Boa Vista do Ramos,4,F,2022
130068,Boa Vista do Ramos,0,F,2023
130070,Boca do Acre,1,M,2011
130070,Boca do Acre,1,M,2012
130070,Boca do Acre,0,M,2013
130070,Boca do Acre,2,M,2014
130070,Boca do Acre,1,M,2015
130070,Boca do Acre,0,M,2016
130070,Boca do Acre,2,M,2017
130070,Boca do Acre,0,M,2018
130070,Boca do Acre,0,M,2019
130070,Boca do Acre,0,M,2020
130070,Boca do Acre,1,M,2021
130070,Boca do Acre,0,M,2022
130070,Boca do Acre,1,M,2023
130070,Boca do Acre,0,F,2011
130070,Boca do Acre,0,F,2012
130070,Boca do Acre,0,F,2013
130070,Boca do Acre,0,F,2014
130070,Boca do Acre,1,F,2015
130070,Boca do Acre,0,F,2016
130070,Boca do Acre,0,F,2017
130070,Boca do Acre,0,F,2018
130070,Boca do Acre,0,F,2019
130070,Boca do Acre,0,F,2020
130070,Boca do Acre,0,F,2021
130070,Boca do Acre,0,F,2022
130070,Boca do Acre,0,F,2023
130080,Borba,0,M,2011
130080,Borba,4,M,2012
130080,Borba,3,M,2013
130080,Borba,7,M,2014
130080,Borba,4,M,2015
130080,Borba,4,M,2016
130080,Borba,3,M,2017
130080,Borba,3,M,2018
130080,Borba,5,M,2019
130080,Borba,5,M,2020
130080,Borba,3,M,2021
130080,Borba,4,M,2022
130080,Borba,1,M,2023
130080,Borba,1,F,2011
130080,Borba,2,F,2012
130080,Borba,3,F,2013
130080,Borba,1,F,2014
130080,Borba,2,F,2015
130080,Borba,1,F,2016
130080,Borba,0,F,2017
130080,Borba,0,F,2018
130080,Borba,4,F,2019
130080,Borba,2,F,2020
130080,Borba,2,F,2021
130080,Borba,1,F,2022
130080,Borba,1,F,2023
130083,Caapiranga,0,M,2011
130083,Caapiranga,0,M,2012
130083,Caapiranga,0,M,2013
130083,Caapiranga,1,M,2014
130083,Caapiranga,0,M,2015
130083,Caapiranga,1,M,2016
130083,Caapiranga,1,M,2017
130083,Caapiranga,0,M,2018
130083,Caapiranga,2,M,2019
130083,Caapiranga,0,M,2020
130083,Caapiranga,2,M,2021
130083,Caapiranga,0,M,2022
130083,Caapiranga,0,M,2023
130083,Caapiranga,0,F,2011
130083,Caapiranga,0,F,2012
130083,Caapiranga,0,F,2013
130083,Caapiranga,1,F,2014
130083,Caapiranga,0,F,2015
130083,Caapiranga,0,F,2016
130083,Caapiranga,0,F,2017
130083,Caapiranga,1,F,2018
130083,Caapiranga,0,F,2019
130083,Caapiranga,1,F,2020
130083,Caapiranga,2,F,2021
130083,Caapiranga,1,F,2022
130083,Caapiranga,0,F,2023
130090,Canutama,0,M,2011
130090,Canutama,0,M,2012
130090,Canutama,0,M,2013
130090,Canutama,1,M,2014
130090,Canutama,0,M,2015
130090,Canutama,0,M,2016
130090,Canutama,0,M,2017
130090,Canutama,0,M,2018
130090,Canutama,1,M,2019
130090,Canutama,0,M,2020
130090,Canutama,0,M,2021
130090,Canutama,1,M,2022
130090,Canutama,1,M,2023
130090,Canutama,0,F,2011
130090,Canutama,0,F,2012
130090,Canutama,0,F,2013
130090,Canutama,0,F,2014
130090,Canutama,1,F,2015
130090,Canutama,0,F,2016
130090,Canutama,0,F,2017
130090,Canutama,0,F,2018
130090,Canutama,0,F,2019
130090,Canutama,0,F,2020
130090,Canutama,0,F,2021
130090,Canutama,0,F,2022
130090,Canutama,0,F,2023
130100,Carauari,0,M,2011
130100,Carauari,0,M,2012
130100,Carauari,2,M,2013
130100,Carauari,1,M,2014
130100,Carauari,1,M,2015
130100,Carauari,0,M,2016
130100,Carauari,1,M,2017
130100,Carauari,0,M,2018
130100,Carauari,3,M,2019
130100,Carauari,1,M,2020
130100,Carauari,1,M,2021
130100,Carauari,1,M,2022
130100,Carauari,1,M,2023
130100,Carauari,0,F,2011
130100,Carauari,0,F,2012
130100,Carauari,2,F,2013
130100,Carauari,0,F,2014
130100,Carauari,0,F,2015
130100,Carauari,0,F,2016
130100,Carauari,0,F,2017
130100,Carauari,0,F,2018
130100,Carauari,1,F,2019
130100,Carauari,0,F,2020
130100,Carauari,0,F,2021
130100,Carauari,0,F,2022
130100,Carauari,0,F,2023
130110,Careiro,3,M,2011
130110,Careiro,2,M,2012
130110,Careiro,3,M,2013
130110,Careiro,1,M,2014
130110,Careiro,1,M,2015
130110,Careiro,5,M,2016
130110,Careiro,2,M,2017
130110,Careiro,3,M,2018
130110,Careiro,3,M,2019
130110,Careiro,0,M,2020
130110,Careiro,1,M,2021
130110,Careiro,4,M,2022
130110,Careiro,0,M,2023
130110,Careiro,0,F,2011
130110,Careiro,3,F,2012
130110,Careiro,0,F,2013
130110,Careiro,1,F,2014
130110,Careiro,2,F,2015
130110,Careiro,1,F,2016
130110,Careiro,1,F,2017
130110,Careiro,2,F,2018
130110,Careiro,5,F,2019
130110,Careiro,1,F,2020
130110,Careiro,2,F,2021
130110,Careiro,3,F,2022
130110,Careiro,0,F,2023
130115,Careiro da Várzea,2,M,2011
130115,Careiro da Várzea,0,M,2012
130115,Careiro da Várzea,1,M,2013
130115,Careiro da Várzea,1,M,2014
130115,Careiro da Várzea,0,M,2015
130115,Careiro da Várzea,2,M,2016
130115,Careiro da Várzea,2,M,2017
130115,Careiro da Várzea,2,M,2018
130115,Careiro da Várzea,2,M,2019
130115,Careiro da Várzea,0,M,2020
130115,Careiro da Várzea,1,M,2021
130115,Careiro da Várzea,0,M,2022
130115,Careiro da Várzea,2,M,2023
130115,Careiro da Várzea,0,F,2011
130115,Careiro da Várzea,2,F,2012
130115,Careiro da Várzea,0,F,2013
130115,Careiro da Várzea,2,F,2014
130115,Careiro da Várzea,2,F,2015
130115,Careiro da Várzea,0,F,2016
130115,Careiro da Várzea,0,F,2017
130115,Careiro da Várzea,0,F,2018
130115,Careiro da Várzea,1,F,2019
130115,Careiro da Várzea,1,F,2020
130115,Careiro da Várzea,1,F,2021
130115,Careiro da Várzea,2,F,2022
130115,Careiro da Várzea,1,F,2023
130120,Coari,4,M,2011
130120,Coari,5,M,2012
130120,Coari,2,M,2013
130120,Coari,5,M,2014
130120,Coari,4,M,2015
130120,Coari,6,M,2016
130120,Coari,6,M,2017
130120,Coari,6,M,2018
130120,Coari,4,M,2019
130120,Coari,4,M,2020
130120,Coari,6,M,2021
130120,Coari,5,M,2022
130120,Coari,4,M,2023
130120,Coari,5,F,2011
130120,Coari,4,F,2012
130120,Coari,4,F,2013
130120,Coari,3,F,2014
130120,Coari,1,F,2015
130120,Coari,2,F,2016
130120,Coari,3,F,2017
130120,Coari,1,F,2018
130120,Coari,1,F,2019
130120,Coari,3,F,2020
130120,Coari,8,F,2021
130120,Coari,5,F,2022
130120,Coari,1,F,2023
130130,Codajás,0,M,2011
130130,Codajás,1,M,2012
130130,Codajás,0,M,2013
130130,Codajás,0,M,2014
130130,Codajás,2,M,2015
130130,Codajás,1,M,2016
130130,Codajás,1,M,2017
130130,Codajás,0,M,2018
130130,Codajás,1,M,2019
130130,Codajás,2,M,2020
130130,Codajás,2,M,2021
130130,Codajás,1,M,2022
130130,Codajás,0,M,2023
130130,Codajás,0,F,2011
130130,Codajás,0,F,2012
130130,Codajás,2,F,2013
130130,Codajás,0,F,2014
130130,Codajás,1,F,2015
130130,Codajás,1,F,2016
130130,Codajás,0,F,2017
130130,Codajás,2,F,2018
130130,Codajás,0,F,2019
130130,Codajás,0,F,2020
130130,Codajás,0,F,2021
130130,Codajás,0,F,2022
130130,Codajás,0,F,2023
130140,Eirunepé,1,M,2011
130140,Eirunepé,0,M,2012
130140,Eirunepé,1,M,2013
130140,Eirunepé,1,M,2014
130140,Eirunepé,1,M,2015
130140,Eirunepé,0,M,2016
130140,Eirunepé,0,M,2017
130140,Eirunepé,3,M,2018
130140,Eirunepé,0,M,2019
130140,Eirunepé,1,M,2020
130140,Eirunepé,1,M,2021
130140,Eirunepé,2,M,2022
130140,Eirunepé,1,M,2023
130140,Eirunepé,0,F,2011
130140,Eirunepé,1,F,2012
130140,Eirunepé,1,F,2013
130140,Eirunepé,0,F,2014
130140,Eirunepé,0,F,2015
130140,Eirunepé,0,F,2016
130140,Eirunepé,0,F,2017
130140,Eirunepé,0,F,2018
130140,Eirunepé,1,F,2019
130140,Eirunepé,2,F,2020
130140,Eirunepé,1,F,2021
130140,Eirunepé,0,F,2022
130140,Eirunepé,1,F,2023
130150,Envira,0,M,2011
130150,Envira,0,M,2012
130150,Envira,0,M,2013
130150,Envira,0,M,2014
130150,Envira,0,M,2015
130150,Envira,0,M,2016
130150,Envira,0,M,2017
130150,Envira,0,M,2018
130150,Envira,0,M,2019
130150,Envira,0,M,2020
130150,Envira,1,M,2021
130150,Envira,1,M,2022
130150,Envira,0,M,2023
130150,Envira,0,F,2011
130150,Envira,0,F,2012
130150,Envira,0,F,2013
130150,Envira,0,F,2014
130150,Envira,0,F,2015
130150,Envira,0,F,2016
130150,Envira,0,F,2017
130150,Envira,1,F,2018
130150,Envira,0,F,2019
130150,Envira,0,F,2020
130150,Envira,0,F,2021
130150,Envira,0,F,2022
130150,Envira,0,F,2023
130160,Fonte Boa,0,M,2011
130160,Fonte Boa,1,M,2012
130160,Fonte Boa,2,M,2013
130160,Fonte Boa,1,M,2014
130160,Fonte Boa,1,M,2015
130160,Fonte Boa,0,M,2016
130160,Fonte Boa,2,M,2017
130160,Fonte Boa,2,M,2018
130160,Fonte Boa,1,M,2019
130160,Fonte Boa,1,M,2020
130160,Fonte Boa,1,M,2021
130160,Fonte Boa,3,M,2022
130160,Fonte Boa,2,M,2023
130160,Fonte Boa,0,F,2011
130160,Fonte Boa,0,F,2012
130160,Fonte Boa,3,F,2013
130160,Fonte Boa,1,F,2014
130160,Fonte Boa,1,F,2015
130160,Fonte Boa,0,F,2016
130160,Fonte Boa,0,F,2017
130160,Fonte Boa,0,F,2018
130160,Fonte Boa,0,F,2019
130160,Fonte Boa,0,F,2020
130160,Fonte Boa,0,F,2021
130160,Fonte Boa,0,F,2022
130160,Fonte Boa,0,F,2023
130165,Guajará,0,M,2011
130165,Guajará,0,M,2012
130165,Guajará,0,M,2013
130165,Guajará,0,M,2014
130165,Guajará,0,M,2015
130165,Guajará,0,M,2016
130165,Guajará,0,M,2017
130165,Guajará,0,M,2018
130165,Guajará,1,M,2019
130165,Guajará,0,M,2020
130165,Guajará,0,M,2021
130165,Guajará,0,M,2022
130165,Guajará,0,M,2023
130165,Guajará,0,F,2011
130165,Guajará,0,F,2012
130165,Guajará,0,F,2013
130165,Guajará,0,F,2014
130165,Guajará,0,F,2015
130165,Guajará,0,F,2016
130165,Guajará,0,F,2017
130165,Guajará,0,F,2018
130165,Guajará,1,F,2019
130165,Guajará,0,F,2020
130165,Guajará,0,F,2021
130165,Guajará,0,F,2022
130165,Guajará,0,F,2023
130170,Humaitá,3,M,2011
130170,Humaitá,4,M,2012
130170,Humaitá,5,M,2013
130170,Humaitá,7,M,2014
130170,Humaitá,5,M,2015
130170,Humaitá,7,M,2016
130170,Humaitá,7,M,2017
130170,Humaitá,8,M,2018
130170,Humaitá,10,M,2019
130170,Humaitá,0,M,2020
130170,Humaitá,2,M,2021
130170,Humaitá,6,M,2022
130170,Humaitá,0,M,2023
130170,Humaitá,3,F,2011
130170,Humaitá,3,F,2012
130170,Humaitá,3,F,2013
130170,Humaitá,5,F,2014
130170,Humaitá,5,F,2015
130170,Humaitá,1,F,2016
130170,Humaitá,3,F,2017
130170,Humaitá,2,F,2018
130170,Humaitá,5,F,2019
130170,Humaitá,1,F,2020
130170,Humaitá,1,F,2021
130170,Humaitá,1,F,2022
130170,Humaitá,2,F,2023
130180,Ipixuna,0,M,2011
130180,Ipixuna,0,M,2012
130180,Ipixuna,0,M,2013
130180,Ipixuna,0,M,2014
130180,Ipixuna,0,M,2015
130180,Ipixuna,0,M,2016
130180,Ipixuna,0,M,2017
130180,Ipixuna,0,M,2018
130180,Ipixuna,0,M,2019
130180,Ipixuna,0,M,2020
130180,Ipixuna,0,M,2021
130180,Ipixuna,0,M,2022
130180,Ipixuna,0,M,2023
130180,Ipixuna,0,F,2011
130180,Ipixuna,0,F,2012
130180,Ipixuna,0,F,2013
130180,Ipixuna,0,F,2014
130180,Ipixuna,0,F,2015
130180,Ipixuna,1,F,2016
130180,Ipixuna,0,F,2017
130180,Ipixuna,0,F,2018
130180,Ipixuna,0,F,2019
130180,Ipixuna,0,F,2020
130180,Ipixuna,0,F,2021
130180,Ipixuna,0,F,2022
130180,Ipixuna,0,F,2023
130185,Iranduba,6,M,2011
130185,Iranduba,7,M,2012
130185,Iranduba,5,M,2013
130185,Iranduba,10,M,2014
130185,Iranduba,6,M,2015
130185,Iranduba,9,M,2016
130185,Iranduba,4,M,2017
130185,Iranduba,3,M,2018
130185,Iranduba,13,M,2019
130185,Iranduba,12,M,2020
130185,Iranduba,10,M,2021
130185,Iranduba,9,M,2022
130185,Iranduba,2,M,2023
130185,Iranduba,2,F,2011
130185,Iranduba,5,F,2012
130185,Iranduba,4,F,2013
130185,Iranduba,4,F,2014
130185,Iranduba,6,F,2015
130185,Iranduba,5,F,2016
130185,Iranduba,1,F,2017
130185,Iranduba,5,F,2018
130185,Iranduba,7,F,2019
130185,Iranduba,2,F,2020
130185,Iranduba,5,F,2021
130185,Iranduba,3,F,2022
130185,Iranduba,0,F,2023
130190,Itacoatiara,8,M,2011
130190,Itacoatiara,10,M,2012
130190,Itacoatiara,14,M,2013
130190,Itacoatiara,19,M,2014
130190,Itacoatiara,6,M,2015
130190,Itacoatiara,8,M,2016
130190,Itacoatiara,14,M,2017
130190,Itacoatiara,17,M,2018
130190,Itacoatiara,17,M,2019
130190,Itacoatiara,15,M,2020
130190,Itacoatiara,17,M,2021
130190,Itacoatiara,18,M,2022
130190,Itacoatiara,8,M,2023
130190,Itacoatiara,4,F,2011
130190,Itacoatiara,12,F,2012
130190,Itacoatiara,6,F,2013
130190,Itacoatiara,9,F,2014
130190,Itacoatiara,3,F,2015
130190,Itacoatiara,5,F,2016
130190,Itacoatiara,6,F,2017
130190,Itacoatiara,4,F,2018
130190,Itacoatiara,11,F,2019
130190,Itacoatiara,8,F,2020
130190,Itacoatiara,15,F,2021
130190,Itacoatiara,17,F,2022
130190,Itacoatiara,11,F,2023
130195,Itamarati,0,M,2011
130195,Itamarati,0,M,2012
130195,Itamarati,0,M,2013
130195,Itamarati,0,M,2014
130195,Itamarati,0,M,2015
130195,Itamarati,0,M,2016
130195,Itamarati,0,M,2017
130195,Itamarati,0,M,2018
130195,Itamarati,0,M,2019
130195,Itamarati,0,M,2020
130195,Itamarati,0,M,2021
130195,Itamarati,0,M,2022
130195,Itamarati,0,M,2023
130195,Itamarati,0,F,2011
130195,Itamarati,0,F,2012
130195,Itamarati,0,F,2013
130195,Itamarati,0,F,2014
130195,Itamarati,0,F,2015
130195,Itamarati,0,F,2016
130195,Itamarati,0,F,2017
130195,Itamarati,0,F,2018
130195,Itamarati,0,F,2019
130195,Itamarati,0,F,2020
130195,Itamarati,0,F,2021
130195,Itamarati,0,F,2022
130195,Itamarati,0,F,2023
130200,Itapiranga,0,M,2011
130200,Itapiranga,0,M,2012
130200,Itapiranga,0,M,2013
130200,Itapiranga,1,M,2014
130200,Itapiranga,1,M,2015
130200,Itapiranga,0,M,2016
130200,Itapiranga,0,M,2017
130200,Itapiranga,2,M,2018
130200,Itapiranga,0,M,2019
130200,Itapiranga,0,M,2020
130200,Itapiranga,0,M,2021
130200,Itapiranga,0,M,2022
130200,Itapiranga,1,M,2023
130200,Itapiranga,0,F,2011
130200,Itapiranga,1,F,2012
130200,Itapiranga,0,F,2013
130200,Itapiranga,0,F,2014
130200,Itapiranga,0,F,2015
130200,Itapiranga,0,F,2016
130200,Itapiranga,1,F,2017
130200,Itapiranga,1,F,2018
130200,Itapiranga,0,F,2019
130200,Itapiranga,2,F,2020
130200,Itapiranga,1,F,2021
130200,Itapiranga,0,F,2022
130200,Itapiranga,0,F,2023
130210,Japurá,0,M,2011
130210,Japurá,1,M,2012
130210,Japurá,0,M,2013
130210,Japurá,0,M,2014
130210,Japurá,0,M,2015
130210,Japurá,0,M,2016
130210,Japurá,0,M,2017
130210,Japurá,1,M,2018
130210,Japurá,0,M,2019
130210,Japurá,0,M,2020
130210,Japurá,0,M,2021
130210,Japurá,0,M,2022
130210,Japurá,0,M,2023
130210,Japurá,0,F,2011
130210,Japurá,2,F,2012
130210,Japurá,0,F,2013
130210,Japurá,0,F,2014
130210,Japurá,0,F,2015
130210,Japurá,0,F,2016
130210,Japurá,1,F,2017
130210,Japurá,0,F,2018
130210,Japurá,1,F,2019
130210,Japurá,0,F,2020
130210,Japurá,0,F,2021
130210,Japurá,0,F,2022
130210,Japurá,0,F,2023
130220,Juruá,0,M,2011
130220,Juruá,0,M,2012
130220,Juruá,0,M,2013
130220,Juruá,0,M,2014
130220,Juruá,0,M,2015
130220,Juruá,0,M,2016
130220,Juruá,0,M,2017
130220,Juruá,0,M,2018
130220,Juruá,0,M,2019
130220,Juruá,0,M,2020
130220,Juruá,0,M,2021
130220,Juruá,0,M,2022
130220,Juruá,0,M,2023
130220,Juruá,0,F,2011
130220,Juruá,0,F,2012
130220,Juruá,0,F,2013
130220,Juruá,0,F,2014
130220,Juruá,0,F,2015
130220,Juruá,0,F,2016
130220,Juruá,0,F,2017
130220,Juruá,0,F,2018
130220,Juruá,0,F,2019
130220,Juruá,0,F,2020
130220,Juruá,0,F,2021
130220,Juruá,0,F,2022
130220,Juruá,0,F,2023
130230,Jutaí,0,M,2011
130230,Jutaí,0,M,2012
130230,Jutaí,1,M,2013
130230,Jutaí,1,M,2014
130230,Jutaí,0,M,2015
130230,Jutaí,0,M,2016
130230,Jutaí,1,M,2017
130230,Jutaí,1,M,2018
130230,Jutaí,1,M,2019
130230,Jutaí,0,M,2020
130230,Jutaí,0,M,2021
130230,Jutaí,0,M,2022
130230,Jutaí,0,M,2023
130230,Jutaí,0,F,2011
130230,Jutaí,1,F,2012
130230,Jutaí,0,F,2013
130230,Jutaí,0,F,2014
130230,Jutaí,0,F,2015
130230,Jutaí,1,F,2016
130230,Jutaí,0,F,2017
130230,Jutaí,2,F,2018
130230,Jutaí,0,F,2019
130230,Jutaí,0,F,2020
130230,Jutaí,0,F,2021
130230,Jutaí,0,F,2022
130230,Jutaí,0,F,2023
130240,Lábrea,1,M,2011
130240,Lábrea,2,M,2012
130240,Lábrea,2,M,2013
130240,Lábrea,2,M,2014
130240,Lábrea,2,M,2015
130240,Lábrea,1,M,2016
130240,Lábrea,0,M,2017
130240,Lábrea,1,M,2018
130240,Lábrea,0,M,2019
130240,Lábrea,0,M,2020
130240,Lábrea,1,M,2021
130240,Lábrea,0,M,2022
130240,Lábrea,0,M,2023
130240,Lábrea,0,F,2011
130240,Lábrea,1,F,2012
130240,Lábrea,1,F,2013
130240,Lábrea,2,F,2014
130240,Lábrea,2,F,2015
130240,Lábrea,1,F,2016
130240,Lábrea,0,F,2017
130240,Lábrea,2,F,2018
130240,Lábrea,2,F,2019
130240,Lábrea,1,F,2020
130240,Lábrea,0,F,2021
130240,Lábrea,0,F,2022
130240,Lábrea,0,F,2023
130250,Manacapuru,9,M,2011
130250,Manacapuru,8,M,2012
130250,Manacapuru,8,M,2013
130250,Manacapuru,9,M,2014
130250,Manacapuru,9,M,2015
130250,Manacapuru,2,M,2016
130250,Manacapuru,8,M,2017
130250,Manacapuru,9,M,2018
130250,Manacapuru,16,M,2019
130250,Manacapuru,7,M,2020
130250,Manacapuru,13,M,2021
130250,Manacapuru,15,M,2022
130250,Manacapuru,5,M,2023
130250,Manacapuru,8,F,2011
130250,Manacapuru,5,F,2012
130250,Manacapuru,9,F,2013
130250,Manacapuru,9,F,2014
130250,Manacapuru,6,F,2015
130250,Manacapuru,3,F,2016
130250,Manacapuru,2,F,2017
130250,Manacapuru,4,F,2018
130250,Manacapuru,8,F,2019
130250,Manacapuru,5,F,2020
130250,Manacapuru,4,F,2021
130250,Manacapuru,6,F,2022
130250,Manacapuru,0,F,2023
130255,Manaquiri,1,M,2011
130255,Manaquiri,4,M,2012
130255,Manaquiri,3,M,2013
130255,Manaquiri,2,M,2014
130255,Manaquiri,0,M,2015
130255,Manaquiri,1,M,2016
130255,Manaquiri,0,M,2017
130255,Manaquiri,1,M,2018
130255,Manaquiri,0,M,2019
130255,Manaquiri,1,M,2020
130255,Manaquiri,0,M,2021
130255,Manaquiri,2,M,2022
130255,Manaquiri,1,M,2023
130255,Manaquiri,1,F,2011
130255,Manaquiri,1,F,2012
130255,Manaquiri,1,F,2013
130255,Manaquiri,0,F,2014
130255,Manaquiri,0,F,2015
130255,Manaquiri,0,F,2016
130255,Manaquiri,0,F,2017
130255,Manaquiri,1,F,2018
130255,Manaquiri,0,F,2019
130255,Manaquiri,1,F,2020
130255,Manaquiri,0,F,2021
130255,Manaquiri,1,F,2022
130255,Manaquiri,1,F,2023
130260,Manaus,634,M,2011
130260,Manaus,631,M,2012
130260,Manaus,810,M,2013
130260,Manaus,941,M,2014
130260,Manaus,778,M,2015
130260,Manaus,749,M,2016
130260,Manaus,698,M,2017
130260,Manaus,744,M,2018
130260,Manaus,856,M,2019
130260,Manaus,764,M,2020
130260,Manaus,1089,M,2021
130260,Manaus,861,M,2022
130260,Manaus,339,M,2023
130260,Manaus,289,F,2011
130260,Manaus,280,F,2012
130260,Manaus,359,F,2013
130260,Manaus,338,F,2014
130260,Manaus,270,F,2015
130260,Manaus,291,F,2016
130260,Manaus,238,F,2017
130260,Manaus,252,F,2018
130260,Manaus,319,F,2019
130260,Manaus,231,F,2020
130260,Manaus,347,F,2021
130260,Manaus,256,F,2022
130260,Manaus,119,F,2023
130270,Manicoré,2,M,2011
130270,Manicoré,1,M,2012
130270,Manicoré,1,M,2013
130270,Manicoré,3,M,2014
130270,Manicoré,3,M,2015
130270,Manicoré,3,M,2016
130270,Manicoré,0,M,2017
130270,Manicoré,0,M,2018
130270,Manicoré,3,M,2019
130270,Manicoré,3,M,2020
130270,Manicoré,1,M,2021
130270,Manicoré,2,M,2022
130270,Manicoré,1,M,2023
130270,Manicoré,0,F,2011
130270,Manicoré,2,F,2012
130270,Manicoré,1,F,2013
130270,Manicoré,2,F,2014
130270,Manicoré,1,F,2015
130270,Manicoré,0,F,2016
130270,Manicoré,0,F,2017
130270,Manicoré,0,F,2018
130270,Manicoré,2,F,2019
130270,Manicoré,2,F,2020
130270,Manicoré,1,F,2021
130270,Manicoré,1,F,2022
130270,Manicoré,1,F,2023
130280,Maraã,2,M,2011
130280,Maraã,1,M,2012
130280,Maraã,1,M,2013
130280,Maraã,2,M,2014
130280,Maraã,0,M,2015
130280,Maraã,2,M,2016
130280,Maraã,1,M,2017
130280,Maraã,2,M,2018
130280,Maraã,4,M,2019
130280,Maraã,2,M,2020
130280,Maraã,1,M,2021
130280,Maraã,1,M,2022
130280,Maraã,1,M,2023
130280,Maraã,1,F,2011
130280,Maraã,1,F,2012
130280,Maraã,0,F,2013
130280,Maraã,1,F,2014
130280,Maraã,0,F,2015
130280,Maraã,0,F,2016
130280,Maraã,0,F,2017
130280,Maraã,0,F,2018
130280,Maraã,0,F,2019
130280,Maraã,0,F,2020
130280,Maraã,0,F,2021
130280,Maraã,2,F,2022
130280,Maraã,0,F,2023
130290,Maués,4,M,2011
130290,Maués,4,M,2012
130290,Maués,9,M,2013
130290,Maués,6,M,2014
130290,Maués,5,M,2015
130290,Maués,6,M,2016
130290,Maués,4,M,2017
130290,Maués,6,M,2018
130290,Maués,8,M,2019
130290,Maués,11,M,2020
130290,Maués,5,M,2021
130290,Maués,6,M,2022
130290,Maués,7,M,2023
130290,Maués,0,F,2011
130290,Maués,1,F,2012
130290,Maués,3,F,2013
130290,Maués,5,F,2014
130290,Maués,5,F,2015
130290,Maués,1,F,2016
130290,Maués,0,F,2017
130290,Maués,2,F,2018
130290,Maués,1,F,2019
130290,Maués,3,F,2020
130290,Maués,1,F,2021
130290,Maués,1,F,2022
130290,Maués,0,F,2023
130300,Nhamundá,0,M,2011
130300,Nhamundá,0,M,2012
130300,Nhamundá,0,M,2013
130300,Nhamundá,1,M,2014
130300,Nhamundá,0,M,2015
130300,Nhamundá,0,M,2016
130300,Nhamundá,2,M,2017
130300,Nhamundá,3,M,2018
130300,Nhamundá,3,M,2019
130300,Nhamundá,3,M,2020
130300,Nhamundá,1,M,2021
130300,Nhamundá,1,M,2022
130300,Nhamundá,2,M,2023
130300,Nhamundá,0,F,2011
130300,Nhamundá,0,F,2012
130300,Nhamundá,0,F,2013
130300,Nhamundá,0,F,2014
130300,Nhamundá,0,F,2015
130300,Nhamundá,0,F,2016
130300,Nhamundá,0,F,2017
130300,Nhamundá,1,F,2018
130300,Nhamundá,0,F,2019
130300,Nhamundá,0,F,2020
130300,Nhamundá,0,F,2021
130300,Nhamundá,0,F,2022
130300,Nhamundá,1,F,2023
130310,Nova Olinda do Norte,1,M,2011
130310,Nova Olinda do Norte,0,M,2012
130310,Nova Olinda do Norte,1,M,2013
130310,Nova Olinda do Norte,1,M,2014
130310,Nova Olinda do Norte,2,M,2015
130310,Nova Olinda do Norte,3,M,2016
130310,Nova Olinda do Norte,6,M,2017
130310,Nova Olinda do Norte,2,M,2018
130310,Nova Olinda do Norte,5,M,2019
130310,Nova Olinda do Norte,4,M,2020
130310,Nova Olinda do Norte,5,M,2021
130310,Nova Olinda do Norte,9,M,2022
130310,Nova Olinda do Norte,1,M,2023
130310,Nova Olinda do Norte,4,F,2011
130310,Nova Olinda do Norte,1,F,2012
130310,Nova Olinda do Norte,0,F,2013
130310,Nova Olinda do Norte,2,F,2014
130310,Nova Olinda do Norte,3,F,2015
130310,Nova Olinda do Norte,3,F,2016
130310,Nova Olinda do Norte,1,F,2017
130310,Nova Olinda do Norte,1,F,2018
130310,Nova Olinda do Norte,4,F,2019
130310,Nova Olinda do Norte,1,F,2020
130310,Nova Olinda do Norte,1,F,2021
130310,Nova Olinda do Norte,2,F,2022
130310,Nova Olinda do Norte,1,F,2023
130320,Novo Airão,1,M,2011
130320,Novo Airão,0,M,2012
130320,Novo Airão,2,M,2013
130320,Novo Airão,4,M,2014
130320,Novo Airão,0,M,2015
130320,Novo Airão,1,M,2016
130320,Novo Airão,0,M,2017
130320,Novo Airão,0,M,2018
130320,Novo Airão,2,M,2019
130320,Novo Airão,3,M,2020
130320,Novo Airão,1,M,2021
130320,Novo Airão,4,M,2022
130320,Novo Airão,1,M,2023
130320,Novo Airão,0,F,2011
130320,Novo Airão,2,F,2012
130320,Novo Airão,2,F,2013
130320,Novo Airão,3,F,2014
130320,Novo Airão,2,F,2015
130320,Novo Airão,1,F,2016
130320,Novo Airão,1,F,2017
130320,Novo Airão,1,F,2018
130320,Novo Airão,0,F,2019
130320,Novo Airão,3,F,2020
130320,Novo Airão,2,F,2021
130320,Novo Airão,0,F,2022
130320,Novo Airão,2,F,2023
130330,Novo Aripuanã,0,M,2011
130330,Novo Aripuanã,0,M,2012
130330,Novo Aripuanã,1,M,2013
130330,Novo Aripuanã,0,M,2014
130330,Novo Aripuanã,0,M,2015
130330,Novo Aripuanã,2,M,2016
130330,Novo Aripuanã,0,M,2017
130330,Novo Aripuanã,1,M,2018
130330,Novo Aripuanã,0,M,2019
130330,Novo Aripuanã,0,M,2020
130330,Novo Aripuanã,0,M,2021
130330,Novo Aripuanã,2,M,2022
130330,Novo Aripuanã,2,M,2023
130330,Novo Aripuanã,0,F,2011
130330,Novo Aripuanã,3,F,2012
130330,Novo Aripuanã,1,F,2013
130330,Novo Aripuanã,1,F,2014
130330,Novo Aripuanã,0,F,2015
130330,Novo Aripuanã,0,F,2016
130330,Novo Aripuanã,0,F,2017
130330,Novo Aripuanã,0,F,2018
130330,Novo Aripuanã,0,F,2019
130330,Novo Aripuanã,0,F,2020
130330,Novo Aripuanã,0,F,2021
130330,Novo Aripuanã,1,F,2022
130330,Novo Aripuanã,0,F,2023
130340,Parintins,10,M,2011
130340,Parintins,5,M,2012
130340,Parintins,12,M,2013
130340,Parintins,11,M,2014
130340,Parintins,8,M,2015
130340,Parintins,9,M,2016
130340,Parintins,10,M,2017
130340,Parintins,21,M,2018
130340,Parintins,5,M,2019
130340,Parintins,7,M,2020
130340,Parintins,27,M,2021
130340,Parintins,27,M,2022
130340,Parintins,15,M,2023
130340,Parintins,9,F,2011
130340,Parintins,6,F,2012
130340,Parintins,3,F,2013
130340,Parintins,5,F,2014
130340,Parintins,4,F,2015
130340,Parintins,5,F,2016
130340,Parintins,1,F,2017
130340,Parintins,2,F,2018
130340,Parintins,5,F,2019
130340,Parintins,0,F,2020
130340,Parintins,11,F,2021
130340,Parintins,8,F,2022
130340,Parintins,3,F,2023
130350,Pauini,0,M,2011
130350,Pauini,1,M,2012
130350,Pauini,0,M,2013
130350,Pauini,0,M,2014
130350,Pauini,0,M,2015
130350,Pauini,0,M,2016
130350,Pauini,0,M,2017
130350,Pauini,0,M,2018
130350,Pauini,0,M,2019
130350,Pauini,0,M,2020
130350,Pauini,0,M,2021
130350,Pauini,0,M,2022
130350,Pauini,0,M,2023
130350,Pauini,0,F,2011
130350,Pauini,0,F,2012
130350,Pauini,0,F,2013
130350,Pauini,0,F,2014
130350,Pauini,1,F,2015
130350,Pauini,0,F,2016
130350,Pauini,0,F,2017
130350,Pauini,0,F,2018
130350,Pauini,0,F,2019
130350,Pauini,0,F,2020
130350,Pauini,0,F,2021
130350,Pauini,0,F,2022
130350,Pauini,0,F,2023
130353,Presidente Figueiredo,1,M,2011
130353,Presidente Figueiredo,4,M,2012
130353,Presidente Figueiredo,4,M,2013
130353,Presidente Figueiredo,5,M,2014
130353,Presidente Figueiredo,0,M,2015
130353,Presidente Figueiredo,8,M,2016
130353,Presidente Figueiredo,1,M,2017
130353,Presidente Figueiredo,3,M,2018
130353,Presidente Figueiredo,3,M,2019
130353,Presidente Figueiredo,4,M,2020
130353,Presidente Figueiredo,4,M,2021
130353,Presidente Figueiredo,5,M,2022
130353,Presidente Figueiredo,2,M,2023
130353,Presidente Figueiredo,1,F,2011
130353,Presidente Figueiredo,2,F,2012
130353,Presidente Figueiredo,2,F,2013
130353,Presidente Figueiredo,2,F,2014
130353,Presidente Figueiredo,0,F,2015
130353,Presidente Figueiredo,2,F,2016
130353,Presidente Figueiredo,0,F,2017
130353,Presidente Figueiredo,0,F,2018
130353,Presidente Figueiredo,3,F,2019
130353,Presidente Figueiredo,2,F,2020
130353,Presidente Figueiredo,4,F,2021
130353,Presidente Figueiredo,1,F,2022
130353,Presidente Figueiredo,1,F,2023
130356,Rio Preto da Eva,1,M,2011
130356,Rio Preto da Eva,2,M,2012
130356,Rio Preto da Eva,4,M,2013
130356,Rio Preto da Eva,3,M,2014
130356,Rio Preto da Eva,3,M,2015
130356,Rio Preto da Eva,2,M,2016
130356,Rio Preto da Eva,1,M,2017
130356,Rio Preto da Eva,3,M,2018
130356,Rio Preto da Eva,3,M,2019
130356,Rio Preto da Eva,2,M,2020
130356,Rio Preto da Eva,2,M,2021
130356,Rio Preto da Eva,3,M,2022
130356,Rio Preto da Eva,0,M,2023
130356,Rio Preto da Eva,0,F,2011
130356,Rio Preto da Eva,2,F,2012
130356,Rio Preto da Eva,2,F,2013
130356,Rio Preto da Eva,4,F,2014
130356,Rio Preto da Eva,1,F,2015
130356,Rio Preto da Eva,0,F,2016
130356,Rio Preto da Eva,3,F,2017
130356,Rio Preto da Eva,0,F,2018
130356,Rio Preto da Eva,1,F,2019
130356,Rio Preto da Eva,2,F,2020
130356,Rio Preto da Eva,3,F,2021
130356,Rio Preto da Eva,1,F,2022
130356,Rio Preto da Eva,1,F,2023
130360,Santa Isabel do Rio Negro,0,M,2011
130360,Santa Isabel do Rio Negro,1,M,2012
130360,Santa Isabel do Rio Negro,0,M,2013
130360,Santa Isabel do Rio Negro,0,M,2014
130360,Santa Isabel do Rio Negro,1,M,2015
130360,Santa Isabel do Rio Negro,0,M,2016
130360,Santa Isabel do Rio Negro,0,M,2017
130360,Santa Isabel do Rio Negro,0,M,2018
130360,Santa Isabel do Rio Negro,0,M,2019
130360,Santa Isabel do Rio Negro,0,M,2020
130360,Santa Isabel do Rio Negro,0,M,2021
130360,Santa Isabel do Rio Negro,1,M,2022
130360,Santa Isabel do Rio Negro,1,M,2023
130360,Santa Isabel do Rio Negro,0,F,2011
130360,Santa Isabel do Rio Negro,0,F,2012
130360,Santa Isabel do Rio Negro,0,F,2013
130360,Santa Isabel do Rio Negro,0,F,2014
130360,Santa Isabel do Rio Negro,0,F,2015
130360,Santa Isabel do Rio Negro,0,F,2016
130360,Santa Isabel do Rio Negro,0,F,2017
130360,Santa Isabel do Rio Negro,0,F,2018
130360,Santa Isabel do Rio Negro,0,F,2019
130360,Santa Isabel do Rio Negro,2,F,2020
130360,Santa Isabel do Rio Negro,0,F,2021
130360,Santa Isabel do Rio Negro,0,F,2022
130360,Santa Isabel do Rio Negro,0,F,2023
130370,Santo Antônio do Içá,1,M,2011
130370,Santo Antônio do Içá,1,M,2012
130370,Santo Antônio do Içá,2,M,2013
130370,Santo Antônio do Içá,0,M,2014
130370,Santo Antônio do Içá,0,M,2015
130370,Santo Antônio do Içá,0,M,2016
130370,Santo Antônio do Içá,0,M,2017
130370,Santo Antônio do Içá,1,M,2018
130370,Santo Antônio do Içá,1,M,2019
130370,Santo Antônio do Içá,2,M,2020
130370,Santo Antônio do Içá,2,M,2021
130370,Santo Antônio do Içá,1,M,2022
130370,Santo Antônio do Içá,1,M,2023
130370,Santo Antônio do Içá,2,F,2011
130370,Santo Antônio do Içá,2,F,2012
130370,Santo Antônio do Içá,1,F,2013
130370,Santo Antônio do Içá,1,F,2014
130370,Santo Antônio do Içá,0,F,2015
130370,Santo Antônio do Içá,1,F,2016
130370,Santo Antônio do Içá,0,F,2017
130370,Santo Antônio do Içá,0,F,2018
130370,Santo Antônio do Içá,0,F,2019
130370,Santo Antônio do Içá,0,F,2020
130370,Santo Antônio do Içá,0,F,2021
130370,Santo Antônio do Içá,0,F,2022
130370,Santo Antônio do Içá,0,F,2023
130380,São Gabriel da Cachoeira,0,M,2011
130380,São Gabriel da Cachoeira,3,M,2012
130380,São Gabriel da Cachoeira,0,M,2013
130380,São Gabriel da Cachoeira,1,M,2014
130380,São Gabriel da Cachoeira,1,M,2015
130380,São Gabriel da Cachoeira,1,M,2016
130380,São Gabriel da Cachoeira,1,M,2017
130380,São Gabriel da Cachoeira,1,M,2018
130380,São Gabriel da Cachoeira,1,M,2019
130380,São Gabriel da Cachoeira,1,M,2020
130380,São Gabriel da Cachoeira,1,M,2021
130380,São Gabriel da Cachoeira,2,M,2022
130380,São Gabriel da Cachoeira,0,M,2023
130380,São Gabriel da Cachoeira,0,F,2011
130380,São Gabriel da Cachoeira,0,F,2012
130380,São Gabriel da Cachoeira,0,F,2013
130380,São Gabriel da Cachoeira,1,F,2014
130380,São Gabriel da Cachoeira,1,F,2015
130380,São Gabriel da Cachoeira,1,F,2016
130380,São Gabriel da Cachoeira,1,F,2017
130380,São Gabriel da Cachoeira,0,F,2018
130380,São Gabriel da Cachoeira,1,F,2019
130380,São Gabriel da Cachoeira,0,F,2020
130380,São Gabriel da Cachoeira,0,F,2021
130380,São Gabriel da Cachoeira,2,F,2022
130380,São Gabriel da Cachoeira,2,F,2023
130390,São Paulo de Olivença,6,M,2011
130390,São Paulo de Olivença,1,M,2012
130390,São Paulo de Olivença,6,M,2013
130390,São Paulo de Olivença,1,M,2014
130390,São Paulo de Olivença,0,M,2015
130390,São Paulo de Olivença,2,M,2016
130390,São Paulo de Olivença,1,M,2017
130390,São Paulo de Olivença,1,M,2018
130390,São Paulo de Olivença,1,M,2019
130390,São Paulo de Olivença,3,M,2020
130390,São Paulo de Olivença,2,M,2021
130390,São Paulo de Olivença,3,M,2022
130390,São Paulo de Olivença,1,M,2023
130390,São Paulo de Olivença,2,F,2011
130390,São Paulo de Olivença,2,F,2012
130390,São Paulo de Olivença,2,F,2013
130390,São Paulo de Olivença,1,F,2014
130390,São Paulo de Olivença,1,F,2015
130390,São Paulo de Olivença,2,F,2016
130390,São Paulo de Olivença,1,F,2017
130390,São Paulo de Olivença,1,F,2018
130390,São Paulo de Olivença,0,F,2019
130390,São Paulo de Olivença,1,F,2020
130390,São Paulo de Olivença,0,F,2021
130390,São Paulo de Olivença,0,F,2022
130390,São Paulo de Olivença,1,F,2023
130395,São Sebastião do Uatumã,0,M,2011
130395,São Sebastião do Uatumã,2,M,2012
130395,São Sebastião do Uatumã,0,M,2013
130395,São Sebastião do Uatumã,0,M,2014
130395,São Sebastião do Uatumã,0,M,2015
130395,São Sebastião do Uatumã,0,M,2016
130395,São Sebastião do Uatumã,0,M,2017
130395,São Sebastião do Uatumã,0,M,2018
130395,São Sebastião do Uatumã,0,M,2019
130395,São Sebastião do Uatumã,0,M,2020
130395,São Sebastião do Uatumã,1,M,2021
130395,São Sebastião do Uatumã,0,M,2022
130395,São Sebastião do Uatumã,0,M,2023
130395,São Sebastião do Uatumã,0,F,2011
130395,São Sebastião do Uatumã,1,F,2012
130395,São Sebastião do Uatumã,0,F,2013
130395,São Sebastião do Uatumã,0,F,2014
130395,São Sebastião do Uatumã,0,F,2015
130395,São Sebastião do Uatumã,0,F,2016
130395,São Sebastião do Uatumã,0,F,2017
130395,São Sebastião do Uatumã,0,F,2018
130395,São Sebastião do Uatumã,0,F,2019
130395,São Sebastião do Uatumã,0,F,2020
130395,São Sebastião do Uatumã,0,F,2021
130395,São Sebastião do Uatumã,0,F,2022
130395,São Sebastião do Uatumã,0,F,2023
130400,Silves,0,M,2011
130400,Silves,0,M,2012
130400,Silves,1,M,2013
130400,Silves,0,M,2014
130400,Silves,1,M,2015
130400,Silves,0,M,2016
130400,Silves,0,M,2017
130400,Silves,1,M,2018
130400,Silves,0,M,2019
130400,Silves,0,M,2020
130400,Silves,0,M,2021
130400,Silves,1,M,2022
130400,Silves,0,M,2023
130400,Silves,0,F,2011
130400,Silves,0,F,2012
130400,Silves,1,F,2013
130400,Silves,0,F,2014
130400,Silves,0,F,2015
130400,Silves,0,F,2016
130400,Silves,0,F,2017
130400,Silves,0,F,2018
130400,Silves,0,F,2019
130400,Silves,1,F,2020
130400,Silves,0,F,2021
130400,Silves,0,F,2022
130400,Silves,0,F,2023
130406,Tabatinga,12,M,2011
130406,Tabatinga,6,M,2012
130406,Tabatinga,28,M,2013
130406,Tabatinga,18,M,2014
130406,Tabatinga,3,M,2015
130406,Tabatinga,3,M,2016
130406,Tabatinga,6,M,2017
130406,Tabatinga,2,M,2018
130406,Tabatinga,14,M,2019
130406,Tabatinga,13,M,2020
130406,Tabatinga,11,M,2021
130406,Tabatinga,13,M,2022
130406,Tabatinga,8,M,2023
130406,Tabatinga,10,F,2011
130406,Tabatinga,3,F,2012
130406,Tabatinga,15,F,2013
130406,Tabatinga,5,F,2014
130406,Tabatinga,2,F,2015
130406,Tabatinga,1,F,2016
130406,Tabatinga,0,F,2017
130406,Tabatinga,2,F,2018
130406,Tabatinga,5,F,2019
130406,Tabatinga,7,F,2020
130406,Tabatinga,2,F,2021
130406,Tabatinga,6,F,2022
130406,Tabatinga,1,F,2023
130410,Tapauá,0,M,2011
130410,Tapauá,1,M,2012
130410,Tapauá,1,M,2013
130410,Tapauá,0,M,2014
130410,Tapauá,0,M,2015
130410,Tapauá,2,M,2016
130410,Tapauá,0,M,2017
130410,Tapauá,0,M,2018
130410,Tapauá,1,M,2019
130410,Tapauá,1,M,2020
130410,Tapauá,1,M,2021
130410,Tapauá,1,M,2022
130410,Tapauá,1,M,2023
130410,Tapauá,0,F,2011
130410,Tapauá,0,F,2012
130410,Tapauá,0,F,2013
130410,Tapauá,0,F,2014
130410,Tapauá,0,F,2015
130410,Tapauá,1,F,2016
130410,Tapauá,1,F,2017
130410,Tapauá,1,F,2018
130410,Tapauá,0,F,2019
130410,Tapauá,0,F,2020
130410,Tapauá,1,F,2021
130410,Tapauá,1,F,2022
130410,Tapauá,0,F,2023
130420,Tefé,10,M,2011
130420,Tefé,3,M,2012
130420,Tefé,8,M,2013
130420,Tefé,9,M,2014
130420,Tefé,6,M,2015
130420,Tefé,1,M,2016
130420,Tefé,3,M,2017
130420,Tefé,8,M,2018
130420,Tefé,7,M,2019
130420,Tefé,7,M,2020
130420,Tefé,4,M,2021
130420,Tefé,14,M,2022
130420,Tefé,4,M,2023
130420,Tefé,7,F,2011
130420,Tefé,3,F,2012
130420,Tefé,6,F,2013
130420,Tefé,7,F,2014
130420,Tefé,6,F,2015
130420,Tefé,2,F,2016
130420,Tefé,1,F,2017
130420,Tefé,1,F,2018
130420,Tefé,7,F,2019
130420,Tefé,3,F,2020
130420,Tefé,1,F,2021
130420,Tefé,9,F,2022
130420,Tefé,1,F,2023
130423,Tonantins,0,M,2011
130423,Tonantins,1,M,2012
130423,Tonantins,1,M,2013
130423,Tonantins,0,M,2014
130423,Tonantins,0,M,2015
130423,Tonantins,0,M,2016
130423,Tonantins,0,M,2017
130423,Tonantins,2,M,2018
130423,Tonantins,2,M,2019
130423,Tonantins,0,M,2020
130423,Tonantins,1,M,2021
130423,Tonantins,1,M,2022
130423,Tonantins,0,M,2023
130423,Tonantins,0,F,2011
130423,Tonantins,0,F,2012
130423,Tonantins,1,F,2013
130423,Tonantins,0,F,2014
130423,Tonantins,0,F,2015
130423,Tonantins,0,F,2016
130423,Tonantins,0,F,2017
130423,Tonantins,1,F,2018
130423,Tonantins,0,F,2019
130423,Tonantins,0,F,2020
130423,Tonantins,0,F,2021
130423,Tonantins,1,F,2022
130423,Tonantins,0,F,2023
130426,Uarini,1,M,2011
130426,Uarini,1,M,2012
130426,Uarini,0,M,2013
130426,Uarini,2,M,2014
130426,Uarini,2,M,2015
130426,Uarini,1,M,2016
130426,Uarini,0,M,2017
130426,Uarini,0,M,2018
130426,Uarini,0,M,2019
130426,Uarini,0,M,2020
130426,Uarini,1,M,2021
130426,Uarini,2,M,2022
130426,Uarini,0,M,2023
130426,Uarini,1,F,2011
130426,Uarini,0,F,2012
130426,Uarini,1,F,2013
130426,Uarini,0,F,2014
130426,Uarini,0,F,2015
130426,Uarini,1,F,2016
130426,Uarini,0,F,2017
130426,Uarini,1,F,2018
130426,Uarini,1,F,2019
130426,Uarini,1,F,2020
130426,Uarini,1,F,2021
130426,Uarini,2,F,2022
130426,Uarini,0,F,2023
130430,Urucará,2,M,2011
130430,Urucará,0,M,2012
130430,Urucará,1,M,2013
130430,Urucará,0,M,2014
130430,Urucará,1,M,2015
130430,Urucará,0,M,2016
130430,Urucará,1,M,2017
130430,Urucará,0,M,2018
130430,Urucará,0,M,2019
130430,Urucará,1,M,2020
130430,Urucará,2,M,2021
130430,Urucará,4,M,2022
130430,Urucará,1,M,2023
130430,Urucará,0,F,2011
130430,Urucará,0,F,2012
130430,Urucará,0,F,2013
130430,Urucará,0,F,2014
130430,Urucará,0,F,2015
130430,Urucará,1,F,2016
130430,Urucará,1,F,2017
130430,Urucará,0,F,2018
130430,Urucará,0,F,2019
130430,Urucará,0,F,2020
130430,Urucará,0,F,2021
130430,Urucará,2,F,2022
130430,Urucará,1,F,2023
130440,Urucurituba,0,M,2011
130440,Urucurituba,3,M,2012
130440,Urucurituba,0,M,2013
130440,Urucurituba,4,M,2014
130440,Urucurituba,0,M,2015
130440,Urucurituba,0,M,2016
130440,Urucurituba,1,M,2017
130440,Urucurituba,1,M,2018
130440,Urucurituba,1,M,2019
130440,Urucurituba,2,M,2020
130440,Urucurituba,2,M,2021
130440,Urucurituba,0,M,2022
130440,Urucurituba,2,M,2023
130440,Urucurituba,5,F,2011
130440,Urucurituba,1,F,2012
130440,Urucurituba,2,F,2013
130440,Urucurituba,2,F,2014
130440,Urucurituba,1,F,2015
130440,Urucurituba,0,F,2016
130440,Urucurituba,0,F,2017
130440,Urucurituba,3,F,2018
130440,Urucurituba,2,F,2019
130440,Urucurituba,0,F,2020
130440,Urucurituba,1,F,2021
130440,Urucurituba,0,F,2022
130440,Urucurituba,0,F,2023
